ticker,sector
A,Health Care
AA,Materials
AAAU,
AACG,Consumer Staples
AADR,
AAL,Industrials
AAMC,
AAME,Financials
AAN,
AAOI,Information Technology
AAON,Industrials
AAP,Consumer Discretionary
AAPL,Information Technology
AAT,Real Estate
AAU,
AAXJ,
AB,Financials
ABBV,Health Care
ABCB,Financials
ABEO,Health Care
ABEQ,
ABEV,Consumer Staples
ABG,Consumer Discretionary
ABIO,
ABM,Industrials
ABR,Real Estate
ABT,Health Care
ABUS,Health Care
AC,Financials
ACA,Industrials
ACAD,Health Care
ACB,Health Care
ACCO,Industrials
ACEL,Consumer Discretionary
ACES,
ACGL,Financials
ACGLO,Financials
ACHC,Health Care
ACHV,Health Care
ACI,Consumer Staples
ACIO,
ACIU,Health Care
ACIW,Information Technology
ACLS,Information Technology
ACM,Industrials
ACMR,Information Technology
ACN,Information Technology
ACNB,Financials
ACOR,
ACP,Financials
ACRE,Real Estate
ACRS,Health Care
ACRX,
ACSI,
ACST,
ACT,Financials
ACTG,Industrials
ACU,Consumer Staples
ACV,Financials
ACWI,
ACWV,
ACWX,
ADAP,Health Care
ADBE,Information Technology
ADC,Real Estate
ADCT,Health Care
ADES,
ADI,Information Technology
ADIL,Health Care
ADM,Consumer Staples
ADMA,Health Care
ADME,
ADNT,Consumer Discretionary
ADP,Information Technology
ADPT,Health Care
ADSK,Information Technology
ADT,Industrials
ADTN,Information Technology
ADTX,Health Care
ADUS,Health Care
ADVM,Health Care
ADX,Financials
ADXN,Health Care
ADXS,Health Care
AE,
AEE,Utilities
AEF,Financials
AEFC,
AEG,Financials
AEHR,Information Technology
AEIS,Industrials
AEL,
AEM,Materials
AEMD,Health Care
AEO,Consumer Discretionary
AEP,Utilities
AER,Industrials
AES,Utilities
AESR,
AEY,
AEYE,Information Technology
AEZS,
AFB,Financials
AFG,Financials
AFGB,
AFGC,
AFGD,
AFIF,
AFK,
AFL,Financials
AFLG,
AFMC,
AFMD,Health Care
AFSM,
AFT,
AFYA,Consumer Staples
AG,Materials
AGBA,
AGBAW,
AGCO,Industrials
AGD,Financials
AGE,
AGEN,Health Care
AGG,
AGGY,
AGI,Materials
AGIO,Health Care
AGM,Financials
AGM-A,Financials
AGMH,Information Technology
AGNC,Real Estate
AGNCM,Real Estate
AGNCN,Real Estate
AGNCO,Real Estate
AGNCP,Real Estate
AGO,Financials
AGQ,
AGR,
AGRO,Consumer Staples
AGRX,
AGS,Consumer Discretionary
AGX,Industrials
AGYS,Information Technology
AGZ,
AGZD,
AHCO,Health Care
AHH,Real Estate
AHPI,
AHT,Real Estate
AI,Information Technology
AIA,
AIC,
AIEQ,
AIF,
AIG,Financials
AIH,
AIHS,Financials
AIM,Health Care
AIN,Consumer Discretionary
AINC,
AINV,
AIO,
AIQ,
AIR,Industrials
AIRG,Information Technology
AIRR,
AIRT,Industrials
AIT,Industrials
AIV,Real Estate
AIZ,Financials
AJG,Financials
AJX,
AKAM,Information Technology
AKBA,Health Care
AKO-A,Consumer Staples
AKO-B,Consumer Staples
AKR,Real Estate
AKRO,Health Care
AKTS,Information Technology
AKTX,Health Care
AL,Industrials
ALB,Materials
ALC,Health Care
ALCO,Consumer Staples
ALDX,Health Care
ALE,Utilities
ALEC,Health Care
ALEX,Real Estate
ALG,Industrials
ALGN,Health Care
ALGT,Industrials
ALIM,
ALJJ,
ALK,Industrials
ALKS,Health Care
ALL,Financials
ALLE,Industrials
ALLK,Health Care
ALLO,Health Care
ALLT,Information Technology
ALNY,Health Care
ALOT,Information Technology
ALPN,
ALRM,Information Technology
ALRN,
ALRS,Financials
ALSN,Consumer Discretionary
ALT,Health Care
ALTG,Industrials
ALTR,Information Technology
ALTY,
ALV,Consumer Discretionary
ALX,Real Estate
AM,Energy
AMAL,Financials
AMAT,Information Technology
AMBA,Information Technology
AMBC,Financials
AMBO,Consumer Staples
AMC,Communication Services
AMD,Information Technology
AME,Industrials
AMED,Health Care
AMEH,
AMG,Financials
AMGN,Health Care
AMH,Real Estate
AMJ,
AMKR,Information Technology
AMLP,
AMN,Health Care
AMNA,
AMNB,
AMOM,
AMPE,Health Care
AMPH,Health Care
AMPY,Energy
AMRC,Industrials
AMRK,Financials
AMRN,Health Care
AMS,Health Care
AMSC,Industrials
AMSF,Financials
AMSWA,
AMT,Real Estate
AMTB,Financials
AMTD,Financials
AMTI,
AMTX,Materials
AMUB,
AMWD,Consumer Discretionary
AMX,Communication Services
AMZA,
AMZN,Consumer Discretionary
AN,Consumer Discretionary
ANAB,Health Care
ANDE,Consumer Staples
ANET,Information Technology
ANF,Consumer Discretionary
ANGI,Communication Services
ANGL,
ANIK,Health Care
ANIP,Health Care
ANSS,Information Technology
ANTE,Communication Services
ANVS,Health Care
ANY,Financials
AOA,
AOK,
AOM,
AON,Financials
AOR,
AOS,Industrials
AOSL,Information Technology
AP,Industrials
APA,Energy
APAM,Financials
APD,Materials
APDN,Health Care
APEI,Consumer Staples
APG,Industrials
APH,Information Technology
API,Information Technology
APLE,Real Estate
APLS,Health Care
APLT,Health Care
APM,Health Care
APO,Financials
APOG,Industrials
APPF,Information Technology
APPN,Information Technology
APPS,Information Technology
APRE,Health Care
APT,Industrials
APTO,Health Care
APTV,Consumer Discretionary
APVO,Health Care
APWC,Industrials
APYX,Health Care
AQB,Consumer Staples
AQMS,Industrials
AQNB,
AQST,Health Care
AR,Energy
ARAV,
ARAY,Health Care
ARB,
ARCB,Industrials
ARCC,Financials
ARCH,
ARCO,Consumer Discretionary
ARCT,Health Care
ARDC,Financials
ARDX,Health Care
ARE,Real Estate
AREC,Materials
ARES,Financials
ARGD,
ARGT,
ARGX,Health Care
ARI,Real Estate
ARKF,
ARKG,
ARKK,
ARKQ,
ARKR,Consumer Discretionary
ARLO,Industrials
ARLP,Energy
ARMK,Industrials
ARMP,Health Care
ARMR,
AROC,Energy
AROW,Financials
ARQT,Health Care
ARR,Real Estate
ARTL,Health Care
ARTLW,Health Care
ARTW,Industrials
ARVN,Health Care
ARW,Information Technology
ARWR,Health Care
ASA,Financials
ASB,Financials
ASC,Industrials
ASET,
ASG,Financials
ASGN,Information Technology
ASH,Materials
ASHR,
ASHS,
ASHX,
ASIX,Materials
ASLN,
ASM,Materials
ASML,Information Technology
ASPN,Industrials
ASRT,Health Care
ASRV,Financials
ASTC,Information Technology
ASTE,Industrials
ASUR,Information Technology
ASX,Information Technology
ASYS,Information Technology
ATEC,Health Care
ATEN,Information Technology
ATEX,Communication Services
ATHE,Health Care
ATHM,Communication Services
ATHX,
ATI,Industrials
ATIF,
ATKR,Industrials
ATLO,Financials
ATNI,Communication Services
ATNM,Health Care
ATO,Utilities
ATOM,Information Technology
ATOS,Health Care
ATR,Health Care
ATRA,Health Care
ATRC,Health Care
ATRI,
ATRO,Industrials
ATSG,Industrials
ATUS,Communication Services
ATXI,Health Care
AUB,Financials
AUBN,Financials
AUDC,Information Technology
AUPH,Health Care
AVA,Utilities
AVAL,Financials
AVAV,Industrials
AVB,Real Estate
AVCO,
AVDE,
AVDL,Health Care
AVDV,
AVEM,
AVGO,Information Technology
AVGR,Health Care
AVK,Financials
AVNS,Health Care
AVNW,Information Technology
AVRO,
AVT,Information Technology
AVTR,Health Care
AVUS,
AVUV,
AVY,Consumer Discretionary
AWF,Financials
AWI,Industrials
AWK,Utilities
AWP,Financials
AWR,Utilities
AWRE,Information Technology
AXDX,Health Care
AXGN,Health Care
AXLA,
AXNX,
AXP,Financials
AXR,Real Estate
AXS,Financials
AXTA,Materials
AY,
AYRO,Consumer Discretionary
AZEK,Industrials
AZN,Health Care
AZO,Consumer Discretionary
AZUL,Industrials
AZZ,Industrials
B,
BA,Industrials
BAB,
BABA,Consumer Discretionary
BAH,Industrials
BAK,Materials
BAM,Financials
BANC,Financials
BAND,Information Technology
BANX,Financials
BAP,Financials
BAR,
BATRA,Communication Services
BATRK,Communication Services
BATT,
BAX,Health Care
BB,Information Technology
BBAR,Financials
BBAX,
BBC,
BBCA,
BBCP,Industrials
BBD,Financials
BBDC,Financials
BBDO,Financials
BBEU,
BBGI,Communication Services
BBH,
BBIO,Health Care
BBJP,
BBN,Financials
BBSI,Industrials
BBU,Industrials
BBUS,
BBVA,Financials
BBW,Consumer Discretionary
BBY,Consumer Discretionary
BC,Consumer Discretionary
BCBP,Financials
BCDA,Health Care
BCDAW,Health Care
BCE,Communication Services
BCH,Financials
BCI,
BCLI,Health Care
BCML,Financials
BCO,Industrials
BCOV,
BCPC,Materials
BCRX,Health Care
BCSF,Financials
BCV,Financials
BCX,Financials
BCYC,Health Care
BDC,Information Technology
BDJ,Financials
BDN,Real Estate
BDRY,
BDTX,Health Care
BE,Industrials
BEAM,Health Care
BEAT,Health Care
BECN,Industrials
BEDU,Consumer Staples
BELFA,Information Technology
BEN,Financials
BEP,Utilities
BERY,Consumer Discretionary
BEST,Industrials
BETZ,
BF,
BFAM,Consumer Discretionary
BFC,Financials
BFIN,Financials
BFIT,
BFK,Financials
BFOR,
BFS,Real Estate
BFST,Financials
BFZ,Financials
BG,Consumer Staples
BGFV,Consumer Discretionary
BGH,Financials
BGI,Consumer Discretionary
BGNE,
BGR,Financials
BGS,Consumer Staples
BGSF,Industrials
BGX,Financials
BGY,Financials
BH,Consumer Discretionary
BH-A,Consumer Discretionary
BHB,Financials
BHC,Health Care
BHE,Information Technology
BHFAL,
BHFAP,Financials
BHK,Financials
BHLB,Financials
BHP,Materials
BHR,Real Estate
BHV,Financials
BHVN,Health Care
BIB,
BIBL,
BIDU,Communication Services
BIG,
BIIB,Health Care
BIL,
BILI,Communication Services
BILL,Information Technology
BIMI,Health Care
BIO,Health Care
BIOL,
BIOX,Materials
BIP,Utilities
BIPC,Utilities
BIS,
BIT,Financials
BIV,
BIZD,
BJK,
BJRI,Consumer Discretionary
BJUL,
BK,Financials
BKAG,
BKCC,
BKD,Health Care
BKE,Consumer Discretionary
BKEM,
BKF,
BKH,Utilities
BKIE,
BKLC,
BKLN,
BKMC,
BKN,Financials
BKNG,Consumer Discretionary
BKR,Energy
BKSC,Financials
BKSE,
BKT,Financials
BKTI,Information Technology
BKU,Financials
BKYI,Industrials
BLBD,Industrials
BLCM,
BLCN,
BLD,Industrials
BLDR,Industrials
BLE,Financials
BLES,
BLFS,Health Care
BLIN,Information Technology
BLMN,Consumer Discretionary
BLNK,Industrials
BLPH,
BLRX,Health Care
BLUE,Health Care
BLW,Financials
BLX,Financials
BMA,Financials
BMAR,
BMAY,
BME,Financials
BMI,Information Technology
BMO,Financials
BMRA,Health Care
BMRC,Financials
BMRN,Health Care
BND,
BNDC,
BNDW,
BNDX,
BNED,Consumer Discretionary
BNGO,Health Care
BNKD,
BNKU,
BNO,
BNOV,
BNR,Health Care
BNS,Financials
BNTC,Health Care
BNTX,Health Care
BNY,Financials
BOCT,
BOE,Financials
BOH,Financials
BOIL,
BOKF,Financials
BOND,
BOOT,Consumer Discretionary
BOSC,Information Technology
BOTJ,Financials
BOTZ,
BOUT,
BOX,Information Technology
BOXL,Information Technology
BPMC,Health Care
BPRN,Financials
BPT,Energy
BPTH,Health Care
BPYPN,Real Estate
BPYPO,Real Estate
BPYPP,Real Estate
BR,Information Technology
BRBR,Consumer Staples
BRBS,Financials
BRC,Industrials
BRF,
BRFS,Consumer Staples
BRID,Consumer Staples
BRK,
BRKR,Health Care
BRN,Energy
BRO,Financials
BROG,Energy
BROGW,Energy
BRP,
BRT,Real Estate
BRX,Real Estate
BRY,Energy
BRZU,
BSBK,Financials
BSBR,Financials
BSCO,
BSCP,
BSET,Consumer Discretionary
BSGM,Health Care
BSIG,
BSL,Financials
BSM,Energy
BSMQ,
BSMR,
BSRR,Financials
BST,Financials
BSTZ,Financials
BSV,
BSVN,Financials
BSX,Health Care
BTA,Financials
BTAI,Health Care
BTE,Energy
BTI,Consumer Staples
BTO,Financials
BTT,Financials
BTU,Energy
BTZ,Financials
BUD,Consumer Staples
BUG,
BUI,Financials
BURL,Consumer Discretionary
BUSE,Financials
BV,Industrials
BVN,Materials
BW,Industrials
BWA,Consumer Discretionary
BWAY,Health Care
BWFG,Financials
BWG,Financials
BWMX,Consumer Discretionary
BWX,
BWXT,Industrials
BX,Financials
BXC,Industrials
BXMT,Real Estate
BXP,Real Estate
BXRX,
BY,Financials
BYD,Consumer Discretionary
BYFC,Financials
BYLD,
BYM,Financials
BYND,Consumer Staples
BYSI,Health Care
BZH,Consumer Discretionary
BZQ,
BZUN,Consumer Discretionary
C,Financials
CAAP,Industrials
CAAS,Consumer Discretionary
CABA,Health Care
CABO,Communication Services
CAC,Financials
CACC,Financials
CACI,Information Technology
CADE,Financials
CAE,Industrials
CAF,Financials
CAG,Consumer Staples
CAH,Health Care
CAKE,Consumer Discretionary
CAL,Consumer Discretionary
CALA,Health Care
CALB,
CALF,
CALM,Consumer Staples
CALT,
CALX,Information Technology
CAMP,Health Care
CAMT,Information Technology
CAN,Information Technology
CANE,
CANF,Health Care
CANG,Consumer Discretionary
CAPE,
CAPL,Energy
CAPR,Health Care
CAR,Industrials
CARA,Health Care
CARG,Consumer Discretionary
CARR,Industrials
CARS,Consumer Discretionary
CARV,Financials
CARZ,
CASA,
CASH,Financials
CASI,Health Care
CASS,Industrials
CASY,Consumer Discretionary
CAT,Industrials
CATC,
CATO,Consumer Discretionary
CATY,Financials
CBAT,Industrials
CBAY,
CBD,
CBFV,Financials
CBH,
CBL,Real Estate
CBNK,Financials
CBOE,Financials
CBON,
CBRL,Consumer Discretionary
CBSH,Financials
CBT,Materials
CBU,Financials
CBZ,Industrials
CC,Materials
CCAP,Financials
CCB,Financials
CCBG,Financials
CCD,Financials
CCEP,Consumer Staples
CCI,Real Estate
CCJ,Energy
CCK,Consumer Discretionary
CCLP,
CCM,Health Care
CCNE,Financials
CCO,Communication Services
CCOI,Communication Services
CCRN,Health Care
CCS,Real Estate
CCZ,
CDAY,
CDC,
CDE,Materials
CDL,
CDLX,Communication Services
CDMO,
CDNA,Health Care
CDNS,Information Technology
CDTX,Health Care
CDXS,Health Care
CDZI,Utilities
CE,Materials
CEE,Financials
CEF,Financials
CEFD,
CEI,
CEIX,
CELC,Health Care
CELH,Consumer Staples
CEM,
CENT,Consumer Staples
CENTA,Consumer Staples
CENX,Materials
CERS,Health Care
CET,Financials
CETX,Information Technology
CEV,Financials
CEVA,Information Technology
CEW,
CF,Materials
CFA,
CFBK,Financials
CFFI,Financials
CFG,Financials
CFO,
CFR,Financials
CG,Financials
CGA,
CGBD,Financials
CGC,Health Care
CGEN,Health Care
CGNX,Information Technology
CGRO,
CGW,
CHCI,Real Estate
CHCO,Financials
CHD,Consumer Staples
CHDN,Consumer Discretionary
CHE,Health Care
CHEF,Consumer Staples
CHEK,Health Care
CHGG,Consumer Staples
CHH,Consumer Discretionary
CHIC,
CHIE,
CHII,
CHIM,
CHIR,
CHIX,
CHMG,Financials
CHMI,Real Estate
CHN,Financials
CHRS,Health Care
CHRW,Industrials
CHS,
CHT,Communication Services
CHTR,Communication Services
CHUY,
CHW,Financials
CHWY,Consumer Discretionary
CHX,Energy
CHY,Financials
CI,Health Care
CIA,Financials
CIB,Financials
CIBR,
CID,
CIEN,Information Technology
CIG,Utilities
CIG-C,Utilities
CIGI,Real Estate
CII,Financials
CIL,
CIM,Real Estate
CINF,Financials
CIO,Real Estate
CIVB,Financials
CIX,Industrials
CJJD,Health Care
CKPT,Health Care
CKX,Energy
CL,Consumer Staples
CLB,Energy
CLBK,Financials
CLBS,
CLDT,Real Estate
CLEU,Consumer Staples
CLF,Materials
CLFD,Information Technology
CLGN,Health Care
CLH,Industrials
CLIR,Industrials
CLM,Financials
CLNE,Energy
CLOU,
CLPR,Real Estate
CLPT,Health Care
CLRB,Health Care
CLS,Information Technology
CLSD,Health Care
CLSK,Financials
CLSN,
CLW,Materials
CLWT,Industrials
CLX,Consumer Staples
CM,Financials
CMBM,Information Technology
CMBS,
CMC,Materials
CMCL,Materials
CMCM,Communication Services
CMCO,Industrials
CMCSA,Communication Services
CMCT,Real Estate
CME,Financials
CMF,
CMG,Consumer Discretionary
CMI,Industrials
CMLS,Communication Services
CMP,Materials
CMPR,Industrials
CMRE,Industrials
CMRX,Health Care
CMS,Utilities
CMSD,
CMT,Materials
CMTL,Information Technology
CMU,Financials
CNA,Financials
CNBS,
CNCR,
CNDT,Information Technology
CNET,Communication Services
CNF,Financials
CNFR,Financials
CNHI,
CNI,Industrials
CNK,Communication Services
CNMD,Health Care
CNNB,
CNNE,Consumer Discretionary
CNO,Financials
CNOB,Financials
CNP,Utilities
CNQ,Energy
CNS,Financials
CNSL,
CNTG,Health Care
CNTY,Consumer Discretionary
CNX,Energy
CNYA,
COCP,Health Care
CODA,Industrials
CODI,Industrials
COE,Consumer Staples
COF,Financials
COFS,Financials
COHN,Financials
COHR,Information Technology
COHU,Information Technology
COKE,Consumer Staples
COLB,Financials
COLD,Real Estate
COLL,Health Care
COLM,Consumer Discretionary
COM,
COMB,
COMM,Information Technology
COMT,
CONN,
COO,Health Care
COOP,Financials
COP,Energy
COPX,
COR,Health Care
COST,Consumer Staples
COTY,Consumer Staples
COWZ,
CP,Industrials
CPA,Industrials
CPAC,Materials
CPB,Consumer Staples
CPE,
CPER,
CPG,
CPHI,Health Care
CPIX,Health Care
CPK,Utilities
CPLP,
CPRI,Consumer Discretionary
CPRT,Industrials
CPSH,Information Technology
CPSI,
CPSS,Financials
CPT,Real Estate
CPZ,
CQP,Energy
CQQQ,
CR,Industrials
CRAI,Industrials
CRBN,
CRBP,Health Care
CRC,Energy
CRD,
CRD-A,Financials
CRDF,Health Care
CREG,Utilities
CRESY,Industrials
CREX,Information Technology
CRF,Financials
CRH,Materials
CRI,Consumer Discretionary
CRIS,Health Care
CRK,Energy
CRL,Health Care
CRM,Information Technology
CRMD,Health Care
CRMT,Consumer Discretionary
CRNC,Information Technology
CRNT,Information Technology
CRNX,Health Care
CRON,Health Care
CRS,Industrials
CRSP,Health Care
CRT,Energy
CRTO,Communication Services
CRVL,Financials
CRVS,Health Care
CRWD,Information Technology
CRWS,Consumer Discretionary
CSA,
CSB,
CSBR,Health Care
CSGP,Real Estate
CSGS,Information Technology
CSIQ,Information Technology
CSL,Industrials
CSM,
CSPI,Information Technology
CSSE,Communication Services
CSSEP,Communication Services
CSTL,Health Care
CSTR,
CSWI,Industrials
CSX,Industrials
CTAS,Industrials
CTBI,Financials
CTHR,Consumer Discretionary
CTLT,
CTMX,Health Care
CTO,Real Estate
CTR,
CTRA,Energy
CTRM,Industrials
CTRN,Consumer Discretionary
CTS,Information Technology
CTSH,Information Technology
CTSO,Health Care
CTVA,Materials
CTXR,Health Care
CUBA,Financials
CUBE,Real Estate
CUBI,Financials
CUE,Health Care
CUK,Consumer Discretionary
CULP,Consumer Discretionary
CURE,
CUT,
CUTR,Health Care
CUZ,Real Estate
CVBF,Financials
CVCO,Consumer Discretionary
CVCY,
CVE,Energy
CVGW,Consumer Staples
CVLT,Information Technology
CVLY,
CVM,Health Care
CVNA,Consumer Discretionary
CVX,Energy
CVY,
CW,Industrials
CWB,
CWBC,Financials
CWBR,
CWCO,Utilities
CWEN,Utilities
CWH,Consumer Discretionary
CWI,
CWK,Real Estate
CWS,
CWST,Industrials
CWT,Utilities
CX,Materials
CXE,Financials
CXH,Financials
CXSE,
CXW,Industrials
CYAN,Consumer Staples
CYCC,Health Care
CYCCP,Health Care
CYCN,Health Care
CYD,Consumer Discretionary
CYH,Health Care
CYTK,Health Care
CZA,
CZNC,Financials
CZR,Consumer Discretionary
CZWI,Financials
D,Utilities
DAC,Industrials
DADA,Consumer Discretionary
DAIO,Information Technology
DAKT,Information Technology
DAL,Industrials
DALI,
DALT,
DAN,Consumer Discretionary
DAO,Consumer Staples
DAR,Consumer Staples
DARE,Health Care
DAVA,Information Technology
DAX,
DB,Financials
DBA,
DBAW,
DBB,
DBC,
DBE,
DBEU,
DBEZ,
DBGR,
DBJP,
DBMF,
DBO,
DBP,
DCI,Industrials
DCO,Industrials
DCOMP,Financials
DCPH,
DCTH,Health Care
DD,Materials
DDD,Information Technology
DDIV,
DDM,
DDOG,Information Technology
DDS,Consumer Discretionary
DDWM,
DE,Industrials
DEA,Real Estate
DECK,Consumer Discretionary
DEI,Real Estate
DELL,Information Technology
DEM,
DENN,Consumer Discretionary
DEO,Consumer Staples
DES,
DESP,Consumer Discretionary
DFE,
DFIN,Information Technology
DFJ,
DFP,Financials
DFS,Financials
DGICA,Financials
DGICB,Financials
DGII,Information Technology
DGLY,Communication Services
DGP,
DGRE,
DGRO,
DGRS,
DGRW,
DGS,
DGT,
DGX,Health Care
DGZ,
DHC,Real Estate
DHCNL,
DHF,Financials
DHI,Consumer Discretionary
DHIL,Financials
DHR,Health Care
DHS,
DHT,Energy
DIAL,
DIAX,Financials
DIG,
DIN,Consumer Discretionary
DIOD,Information Technology
DIS,Communication Services
DISH,
DIT,Consumer Staples
DIV,
DIVB,
DIVO,
DIVY,
DJCB,
DJCO,Information Technology
DJD,
DJP,
DK,Energy
DKL,Energy
DKNG,Consumer Discretionary
DKS,Consumer Discretionary
DLA,
DLB,Industrials
DLHC,Industrials
DLN,
DLNG,Energy
DLPN,Communication Services
DLS,
DLTH,Consumer Discretionary
DLTR,Consumer Staples
DLX,Industrials
DLY,
DMAC,Health Care
DMAY,
DMB,Financials
DMF,Financials
DMLP,Energy
DMO,Financials
DMRC,Information Technology
DMTK,
DMXF,
DNL,
DNN,Energy
DNOV,
DNP,Financials
DOC,Real Estate
DOCU,Information Technology
DOG,
DOGZ,Consumer Discretionary
DOMO,Information Technology
DON,
DOOO,Consumer Discretionary
DOOR,
DOV,Industrials
DOW,Materials
DOX,Information Technology
DOYU,Communication Services
DPG,Financials
DPST,
DPZ,Consumer Discretionary
DQ,Information Technology
DRH,Real Estate
DRI,Consumer Discretionary
DRIO,Health Care
DRIP,
DRIV,
DRN,
DRQ,
DRRX,Health Care
DRV,
DSGX,Information Technology
DSI,
DSKE,
DSL,Financials
DSS,Consumer Discretionary
DSU,Financials
DSWL,Information Technology
DSX,Industrials
DT,Information Technology
DTD,
DTE,Utilities
DTEC,
DTH,
DTIL,Health Care
DTSS,Information Technology
DUG,
DUK,Utilities
DURA,
DUSL,
DUST,
DVA,Health Care
DVAX,Health Care
DVLU,
DVN,Energy
DVOL,
DVY,
DVYA,
DVYE,
DWAS,
DWSH,
DWSN,Energy
DWX,
DX,Real Estate
DXC,Information Technology
DXCM,Health Care
DXD,
DXJ,
DXJS,
DXLG,Consumer Discretionary
DXPE,Industrials
DXYN,Consumer Discretionary
DY,Industrials
DYNF,
DZSI,Information Technology
DZZ,
E,Energy
EA,Communication Services
EAD,Financials
EAF,Industrials
EAGG,
EAI,
EAOA,
EAOK,
EAOM,
EAOR,
EARN,Financials
EASG,
EAST,
EAT,Consumer Discretionary
EB,Communication Services
EBAY,Consumer Discretionary
EBF,Industrials
EBIX,
EBIZ,
EBMT,Financials
EBND,
EBON,Information Technology
EBR,Utilities
EBR-B,Utilities
EBS,Health Care
EBTC,Financials
ECC,Financials
ECCX,
ECF,Financials
ECH,
ECL,Materials
ECNS,
ECPG,Financials
ED,Utilities
EDAP,Health Care
EDC,
EDD,Financials
EDF,Financials
EDIT,Health Care
EDIV,
EDN,Utilities
EDOG,
EDOW,
EDRY,Industrials
EDSA,Health Care
EDU,Consumer Staples
EDUC,Communication Services
EDV,
EDZ,
EE,Energy
EEA,Financials
EEFT,Information Technology
EELV,
EEM,
EEMA,
EEMS,
EEMV,
EES,
EEV,
EEX,Communication Services
EFA,
EFAD,
EFAV,
EFC,Real Estate
EFG,
EFOI,Consumer Discretionary
EFR,Financials
EFT,Financials
EFU,
EFV,
EFX,Industrials
EFZ,
EGBN,Financials
EGHT,Information Technology
EGLE,
EGO,Materials
EGP,Real Estate
EGPT,
EGRX,Health Care
EGY,Energy
EH,Industrials
EHC,Health Care
EHI,Financials
EHTH,Financials
EIC,Financials
EIDO,
EIG,Financials
EIGR,Health Care
EIM,Financials
EINC,
EIS,
EIX,Utilities
EL,Consumer Staples
ELA,Consumer Discretionary
ELD,
ELF,Consumer Staples
ELMD,Health Care
ELOX,Health Care
ELP,Utilities
ELTK,Information Technology
EMB,
EMD,Financials
EMDV,
EME,Industrials
EMGF,
EMIF,
EML,Industrials
EMLP,
EMN,Materials
EMO,Financials
EMQQ,
EMR,Industrials
EMTY,
EMXC,
ENB,Energy
ENFR,
ENG,Industrials
ENIC,Utilities
ENLC,
ENLV,Health Care
ENO,
ENOR,
ENPH,Information Technology
ENR,Industrials
ENS,Industrials
ENSG,Health Care
ENSV,Energy
ENTA,Health Care
ENTG,Information Technology
ENTR,
ENTX,Health Care
ENV,
ENVA,Financials
ENZ,Health Care
EOD,Financials
EOG,Energy
EOI,Financials
EOT,Financials
EPAC,Industrials
EPAM,Information Technology
EPD,Energy
EPI,
EPIX,Health Care
EPM,Energy
EPOL,
EPR,Real Estate
EPRT,Real Estate
EPSN,Energy
EPU,
EPV,
EQ,Health Care
EQAL,
EQBK,Financials
EQC,Real Estate
EQH,Financials
EQL,
EQNR,Energy
EQR,Real Estate
EQRR,
EQT,Energy
EQWL,
EQX,Materials
ERC,Financials
ERF,
ERH,Financials
ERIC,Information Technology
ERIE,Financials
ERII,Industrials
ERJ,Industrials
ERSX,
ERX,
ERY,
ES,Utilities
ESCA,Consumer Discretionary
ESE,Information Technology
ESEA,Industrials
ESEB,
ESG,
ESGD,
ESGE,
ESGG,
ESGR,Financials
ESGRO,Financials
ESGV,
ESI,Materials
ESLT,Industrials
ESML,
ESNT,Financials
ESP,Industrials
ESPO,
ESPR,Health Care
ESQ,Financials
ESRT,Real Estate
ESS,Real Estate
ESSA,Financials
ESTA,Health Care
ESTC,Information Technology
ETB,Financials
ETG,Financials
ETH,
ETHO,
ETJ,Financials
ETN,Industrials
ETNB,Health Care
ETO,Financials
ETON,Health Care
ETR,Utilities
ETRN,
ETV,Financials
ETW,Financials
ETX,Financials
ETY,Financials
EUDG,
EUDV,
EUFN,
EUM,
EUO,
EURL,
EURN,
EUSA,
EUSB,
EUSC,
EVA,Materials
EVBN,Financials
EVC,Communication Services
EVER,Communication Services
EVF,Financials
EVFM,Health Care
EVG,Financials
EVGN,Health Care
EVI,Industrials
EVLO,Health Care
EVN,Financials
EVOK,Health Care
EVOL,Information Technology
EVR,Financials
EVRG,Utilities
EVRI,Consumer Discretionary
EVTC,Information Technology
EVV,Financials
EVX,
EW,Health Care
EWA,
EWBC,Financials
EWC,
EWD,
EWG,
EWI,
EWJ,
EWK,
EWL,
EWN,
EWO,
EWP,
EWQ,
EWS,
EWT,
EWU,
EWUS,
EWW,
EWX,
EWY,
EWZ,
EWZS,
EXAS,Health Care
EXC,Utilities
EXEL,Health Care
EXG,Financials
EXI,
EXK,Materials
EXLS,Information Technology
EXP,Materials
EXPE,Consumer Discretionary
EXPI,Real Estate
EXPO,Industrials
EXPR,
EXR,Real Estate
EXTR,Information Technology
EYE,Consumer Discretionary
EYEN,Health Care
EYPT,Health Care
EZA,
EZJ,
EZM,
EZPW,Financials
EZU,
F,Consumer Discretionary
FAAR,
FAB,
FAD,
FAF,Financials
FALN,
FAM,
FAMI,Consumer Staples
FANG,Energy
FANH,
FARM,Consumer Staples
FARO,Information Technology
FAS,
FAST,Industrials
FAT,Consumer Discretionary
FATE,Health Care
FAX,Financials
FAZ,
FBCG,
FBCV,
FBGX,
FBIO,Health Care
FBIOP,Health Care
FBIZ,Financials
FBK,Financials
FBMS,Financials
FBNC,Financials
FBND,
FBP,Financials
FBRX,Health Care
FBT,
FBZ,
FC,Consumer Staples
FCAP,Financials
FCBC,Financials
FCEL,Industrials
FCFS,Financials
FCG,
FCN,Industrials
FCNCA,Financials
FCO,Financials
FCOM,
FCOR,
FCPI,
FCPT,Real Estate
FCT,Financials
FCTR,
FCVT,
FDBC,Financials
FDD,
FDEM,
FDEV,
FDHY,
FDIS,
FDLO,
FDMO,
FDN,
FDNI,
FDRR,
FDS,Financials
FDUS,Financials
FDVV,
FDX,Industrials
FEDU,Consumer Staples
FEI,
FEIM,Information Technology
FELE,Industrials
FEM,
FEMB,
FEMS,
FEN,
FENC,Health Care
FENG,Communication Services
FENY,
FET,Energy
FEUZ,
FEX,
FEZ,
FF,Materials
FFA,Financials
FFBC,Financials
FFBW,Financials
FFC,Financials
FFEB,
FFIC,Financials
FFIN,Financials
FFIU,
FFIV,Information Technology
FFNW,Financials
FFTY,
FFWM,Financials
FGB,Financials
FGBI,Financials
FGD,
FGEN,Health Care
FGM,
FHB,Financials
FHI,Financials
FHLC,
FHN,Financials
FI,Information Technology
FIBK,Financials
FICO,Information Technology
FIDI,
FIDU,
FIF,
FILL,
FINS,Financials
FINV,Financials
FINX,
FIS,Information Technology
FISK,Real Estate
FISR,
FITB,Financials
FITBI,Financials
FITBO,Financials
FITBP,Financials
FITE,
FIVE,Consumer Discretionary
FIVG,
FIVN,Information Technology
FIW,
FIX,Industrials
FIXD,
FIZZ,Consumer Staples
FJP,
FJUN,
FKU,
FL,Consumer Discretionary
FLAU,
FLC,Financials
FLCA,
FLCB,
FLEX,Information Technology
FLIC,Financials
FLL,Consumer Discretionary
FLLV,
FLN,
FLNG,Energy
FLNT,Communication Services
FLO,Consumer Staples
FLOT,
FLQL,
FLQM,
FLQS,
FLR,Industrials
FLS,Industrials
FLT,
FLTR,
FLV,
FLWS,Consumer Discretionary
FLXS,Consumer Discretionary
FM,
FMB,
FMBH,Financials
FMC,Materials
FMF,
FMN,Financials
FMNB,Financials
FMS,Health Care
FMX,Consumer Staples
FN,Information Technology
FNB,Financials
FNCB,
FNCL,
FND,Consumer Discretionary
FNDA,
FNDB,
FNDC,
FNDE,
FNDX,
FNF,Financials
FNGD,
FNGO,
FNGS,
FNGU,
FNHC,
FNK,
FNKO,Consumer Discretionary
FNLC,Financials
FNV,Materials
FNWB,Financials
FNX,
FOF,Financials
FOLD,Health Care
FONR,Health Care
FOR,Real Estate
FORD,Consumer Discretionary
FORM,Information Technology
FORR,Industrials
FORTY,Information Technology
FOSL,Consumer Discretionary
FOUR,Information Technology
FOX,Communication Services
FOXA,Communication Services
FPA,
FPAY,Industrials
FPE,
FPF,Financials
FPI,Real Estate
FPL,
FPX,
FPXI,
FR,Real Estate
FRA,Financials
FRAF,Financials
FRBA,Financials
FRBK,
FRD,Materials
FRDM,
FREL,
FRHC,Financials
FRI,
FRME,Financials
FRO,Energy
FRPH,Real Estate
FRPT,Consumer Staples
FRSX,Consumer Discretionary
FRT,Real Estate
FSBW,Financials
FSD,
FSFG,Financials
FSI,Materials
FSK,Financials
FSLR,Information Technology
FSLY,Information Technology
FSM,Materials
FSMB,
FSP,Real Estate
FSS,Industrials
FSTA,
FSTR,Industrials
FSV,Real Estate
FSZ,
FT,Financials
FTA,
FTAG,
FTAI,Industrials
FTC,
FTCS,
FTDR,Consumer Discretionary
FTEC,
FTEK,Industrials
FTFT,Information Technology
FTGC,
FTHI,
FTHY,
FTI,Energy
FTK,Energy
FTLS,
FTNT,Information Technology
FTRI,
FTS,Utilities
FTSL,
FTSM,
FTV,Information Technology
FTXG,
FTXH,
FTXL,
FTXN,
FTXO,
FTXR,
FUL,Materials
FULC,Health Care
FULT,Financials
FUN,Consumer Discretionary
FUNC,Financials
FUND,Financials
FUSB,Financials
FUSN,
FUTU,Financials
FUTY,
FUV,Consumer Discretionary
FV,
FVC,
FVCB,Financials
FVD,
FWONK,Communication Services
FWRD,Industrials
FXA,
FXC,
FXD,
FXF,
FXG,
FXH,
FXI,
FXL,
FXNC,Financials
FXO,
FXP,
FXR,
FXU,
FXY,
FXZ,
FYC,
FYLD,
FYT,
FYX,
G,Information Technology
GAA,
GAB,Financials
GAIA,Communication Services
GAIN,Financials
GAINL,
GALT,Health Care
GAM,Financials
GAMR,
GAN,Consumer Discretionary
GASS,Industrials
GATX,Industrials
GAU,Materials
GBAB,Financials
GBCI,Financials
GBDC,Financials
GBF,
GBLI,Financials
GBR,Real Estate
GBUY,
GBX,Industrials
GCBC,Financials
GCC,
GCI,Communication Services
GCO,Consumer Discretionary
GCV,Financials
GDDY,Information Technology
GDEN,Consumer Discretionary
GDL,Financials
GDMA,
GDOT,Financials
GDS,Information Technology
GDV,Financials
GDVD,
GDX,
GDYN,Information Technology
GE,Industrials
GECC,Financials
GEF,Consumer Discretionary
GEL,Energy
GEM,
GEN,Information Technology
GENC,Industrials
GENE,Health Care
GEO,Industrials
GEOS,Energy
GERM,
GERN,Health Care
GES,Consumer Discretionary
GEVO,Materials
GF,Financials
GFF,Industrials
GFI,Materials
GFL,Industrials
GGAL,Financials
GGB,Materials
GGG,Industrials
GGN,Financials
GHC,Consumer Staples
GHG,Consumer Discretionary
GHSI,Health Care
GHY,Financials
GII,
GIII,Consumer Discretionary
GIL,Consumer Discretionary
GILD,Health Care
GILT,Information Technology
GIM,
GIS,Consumer Staples
GJS,
GKOS,Health Care
GL,Financials
GLBS,Industrials
GLBZ,Financials
GLD,
GLDD,Industrials
GLDI,
GLDM,
GLIN,
GLL,
GLNG,Energy
GLO,Financials
GLPI,Real Estate
GLQ,Financials
GLT,
GLTR,
GLU,Financials
GLW,Information Technology
GLYC,Health Care
GM,Consumer Discretionary
GMAB,Health Care
GMBL,Consumer Discretionary
GMDA,Health Care
GME,Consumer Discretionary
GMED,Health Care
GMF,
GMOM,
GMRE,Real Estate
GMS,Industrials
GNCA,
GNE,Utilities
GNFT,Health Care
GNK,Industrials
GNL,Real Estate
GNLN,Consumer Staples
GNMA,
GNOM,
GNPX,Health Care
GNR,
GNRC,Industrials
GNRS,
GNRSW,
GNSS,Information Technology
GNT,Financials
GNTX,Consumer Discretionary
GNTY,Financials
GOAU,
GOEX,
GOF,Financials
GOGL,Industrials
GOGO,Communication Services
GOL,
GOLD,Materials
GOLF,Consumer Discretionary
GOOD,Real Estate
GOODN,Real Estate
GOOG,Communication Services
GPC,Consumer Discretionary
GPI,Consumer Discretionary
GPJA,
GPMT,Real Estate
GPN,Industrials
GPOR,Energy
GPP,
GPRK,Energy
GPRO,Information Technology
GRAM,Consumer Staples
GRBK,Consumer Discretionary
GREK,
GRF,Financials
GRFS,Health Care
GRID,
GRIN,
GRMN,Information Technology
GRN,
GRNQ,Industrials
GROW,Financials
GRP-U,
GRPN,Communication Services
GRVY,Communication Services
GRX,Financials
GS,Financials
GSAT,Communication Services
GSBC,Financials
GSBD,Financials
GSEE,
GSEW,
GSG,
GSHD,Financials
GSID,
GSIT,Information Technology
GSK,Health Care
GSL,Industrials
GSSC,
GSY,
GT,Consumer Discretionary
GTE,Energy
GTEC,Consumer Discretionary
GTES,Industrials
GTH,
GTHX,
GTIM,Consumer Discretionary
GTLS,Industrials
GTN,Communication Services
GTN-A,Communication Services
GTO,
GTX,Consumer Discretionary
GUNR,
GURE,Materials
GUSH,
GUT,Financials
GVA,Industrials
GVAL,
GVI,
GWRE,Information Technology
GWW,Industrials
GWX,
GXC,
GXG,
GYLD,
H,Consumer Discretionary
HA,
HACK,
HAE,Health Care
HAIL,
HAIN,Consumer Staples
HAL,Energy
HALL,Financials
HALO,Health Care
HAP,
HARP,
HAS,Consumer Discretionary
HASI,Financials
HAUZ,
HAWX,
HAYN,
HBAN,Financials
HBB,Consumer Discretionary
HBCP,Financials
HBI,Consumer Discretionary
HBIO,Health Care
HBM,Materials
HBT,Financials
HCA,Health Care
HCI,Financials
HCKT,Information Technology
HCM,Health Care
HCRB,
HCSG,Health Care
HCXY,
HDAW,
HDEF,
HDG,
HDGE,
HDMV,
HDV,
HE,Utilities
HEAR,
HEEM,
HEES,Industrials
HEFA,
HEI,Industrials
HELE,Consumer Staples
HELX,
HEQ,Financials
HERD,
HERO,
HES,Energy
HESM,Energy
HEWG,
HEWJ,
HEZU,
HFFG,Consumer Staples
HFRO,Financials
HFXI,
HGLB,
HGSH,
HGV,Consumer Discretionary
HHS,Industrials
HI,Industrials
HIBB,
HIBS,
HIE,
HIG,Financials
HIHO,Industrials
HIMX,Information Technology
HIO,Financials
HIPS,
HIW,Real Estate
HIX,Financials
HL,Materials
HLAL,
HLF,Consumer Staples
HNI,Consumer Discretionary
HNNA,Financials
HNRG,Energy
HNW,Financials
HOFT,Consumer Discretionary
HOG,Consumer Discretionary
HOLI,
HOLX,Health Care
HOMZ,
HONE,Financials
HOOK,Health Care
HOPE,Financials
HOV,Consumer Discretionary
HOVNP,
HP,Energy
HPE,Information Technology
HPF,Financials
HPI,Financials
HPP,Real Estate
HPQ,Information Technology
HPS,Financials
HQH,Financials
HQI,Industrials
HQL,Financials
HQY,Health Care
HR,Real Estate
HRB,Consumer Discretionary
HRI,Industrials
HRL,Consumer Staples
HROW,Health Care
HRTG,Financials
HRTX,Health Care
HRZN,Financials
HSBC,Financials
HSCZ,
HSDT,Health Care
HSIC,Health Care
HSII,Industrials
HSMV,
HSON,Industrials
HST,Real Estate
HSTM,Health Care
HTAB,
HTGC,Financials
HTH,Financials
HTHT,Consumer Discretionary
HTIA,
HTLD,Industrials
HTLF,
HTLFP,
HTRB,
HTUS,
HTY,
HTZ,Industrials
HUBB,Industrials
HUBG,Industrials
HUBS,Information Technology
HUGE,
HUIZ,Financials
HUM,Health Care
HUN,Materials
HURC,Industrials
HURN,Industrials
HUSA,Energy
HUSV,
HUYA,Communication Services
HVT,Consumer Discretionary
HVT-A,Consumer Discretionary
IAC,Communication Services
IAE,Financials
IAF,Financials
IAG,Materials
IAGG,
IAK,
IART,Health Care
IAU,
IBB,
IBD,
IBDP,
IBDQ,
IBDR,
IBDS,
IBDT,
IBDV,
IBHD,
IBHE,
IBIO,Health Care
IBKR,Financials
IBM,Information Technology
IBMM,
IBMP,
IBN,Financials
IBOC,Financials
IBP,Consumer Discretionary
IBTE,
IBTF,
IBTG,
IBTH,
IBTI,
IBTJ,
IBTX,
ICAD,Health Care
ICCC,Health Care
ICCH,Financials
ICD,
ICE,Financials
ICF,
INBK,Financials
INBKZ,
INCO,
INCY,Health Care
INDA,
INDB,Financials
INDL,
INDO,Energy
INDS,
INDY,
INFI,
INFR,
INFU,Health Care
INFY,Information Technology
ING,Financials
INGN,Health Care
INGR,Consumer Staples
INKM,
INMB,Health Care
INMD,Health Care
INO,Health Care
INOD,Information Technology
INPX,
INSG,Information Technology
INSI,
INSM,Health Care
INSW,Energy
INTC,Information Technology
INTL,
K,Consumer Staples
KAI,Industrials
KALA,Health Care
KALL,
KALU,Materials
KALV,Health Care
KAMN,
KAR,Consumer Discretionary
KARS,
KB,Financials
KBA,
KBE,
KBH,Consumer Discretionary
KBR,Industrials
KBWB,
KBWD,
KBWP,
KBWR,
KBWY,
KC,Information Technology
KCE,
KE,Industrials
KELYA,Industrials
KELYB,Industrials
KEMQ,
KEP,Utilities
KEQU,Consumer Discretionary
KERN,
KERNW,
KEX,Industrials
KEY,Financials
KFFB,Financials
KFS,Consumer Discretionary
KFY,Industrials
KGC,Materials
KGJI,Consumer Discretionary
KGRN,
KHC,Consumer Staples
KIDS,Health Care
KIE,
KIM,Real Estate
KINS,Financials
KJAN,
KJUL,
KKR,Financials
KLAC,Information Technology
KLDO,Health Care
KLIC,Information Technology
KLXE,Energy
KMB,Consumer Staples
KMDA,Health Care
KMI,Energy
KMPR,Financials
KNDI,Consumer Discretionary
KNG,
KNSA,Health Care
KNX,Industrials
KO,Consumer Staples
KOD,Health Care
KODK,Industrials
KOF,Consumer Staples
KOIN,
KOKU,
KOLD,
KOMP,
KOP,Materials
KOPN,Information Technology
KORP,
KORU,
KOS,Energy
KOSS,Information Technology
KPTI,Health Care
KRC,Real Estate
KRE,
KREF,Real Estate
KRG,Real Estate
KRKR,Communication Services
KRMD,Health Care
KRNT,Industrials
KRO,Materials
KROS,Health Care
KRP,Energy
KRTX,
KRUS,Consumer Discretionary
KRYS,Health Care
KSA,
KSS,Consumer Discretionary
KT,Communication Services
KTB,Consumer Discretionary
KTCC,Information Technology
KTF,Financials
KTOS,Industrials
KURA,Health Care
KURE,
KW,Real Estate
KWEB,
KWR,Materials
KXI,
KXIN,Consumer Discretionary
KYN,Financials
KZIA,Health Care
KZR,Health Care
L,Financials
LABD,
LABU,
LAC,Materials
LADR,Real Estate
LAKE,Consumer Discretionary
LAMR,Real Estate
LANC,Consumer Staples
LAND,Real Estate
LANDP,Real Estate
LARK,Financials
LAUR,Consumer Staples
LAWS,
LAZ,Financials
LAZY,
LBRDA,Communication Services
LBRDK,Communication Services
LCAHW,
LCII,Consumer Discretionary
LCTX,Health Care
LCUT,Consumer Discretionary
LDEM,
LDOS,Information Technology
LDP,
LDSF,
LE,Consumer Discretionary
LEA,Consumer Discretionary
LEAD,
LECO,Industrials
LEDS,Information Technology
LEE,Communication Services
LEG,Consumer Discretionary
LEGH,Consumer Discretionary
LEGN,Health Care
LEJU,
LEMB,
LEN,Consumer Discretionary
LEO,Financials
LEU,Energy
LEVI,Consumer Discretionary
LFEQ,
LFUS,Information Technology
LGF-A,Communication Services
LGH,
LGHL,Financials
LGHLW,Financials
LGLV,
LGND,Health Care
LH,Health Care
LHX,Industrials
LIFE,
LII,Industrials
LILA,Communication Services
LILAK,Communication Services
LIN,Materials
LINC,Consumer Staples
LIND,Consumer Discretionary
LIQT,Industrials
LIT,
LITB,Consumer Discretionary
LITE,Information Technology
LIVE,Consumer Discretionary
LIVN,Health Care
LIZI,
LKCO,Communication Services
LKFN,Financials
LKOR,
LLY,Health Care
LMAT,Health Care
LMB,Industrials
LMBS,
LMFA,Financials
LMPX,Consumer Discretionary
LMT,Industrials
LNC,Financials
LND,Consumer Staples
LNG,Energy
LNN,Industrials
LNT,Utilities
LNTH,Health Care
LOAN,Real Estate
LOCO,Consumer Discretionary
LOGI,Information Technology
LOMA,Materials
LOOP,Materials
LOPE,Consumer Staples
LOVE,Consumer Discretionary
LOW,Consumer Discretionary
LPCN,Health Care
LPG,Energy
LPL,Information Technology
LPLA,Financials
LPSN,Information Technology
LPTH,Information Technology
LPTX,Health Care
LPX,Industrials
LQD,
LQDA,Health Care
LQDH,
LRCX,Information Technology
LRMR,Health Care
LRN,Consumer Staples
LSBK,Financials
LSCC,Information Technology
LSTR,Industrials
LSXMA,
LSXMB,
LSXMK,
LTBR,Industrials
LTC,Real Estate
LTHM,
LTL,
LTPZ,
LTRN,Health Care
LTRX,Information Technology
LUMO,
LUNA,Information Technology
LUV,Industrials
LVHD,
LW,Consumer Staples
LWAY,Consumer Staples
LX,Financials
LXP,Real Estate
LXU,Materials
LYB,Materials
LYFT,Information Technology
LYL,
LYRA,Health Care
LYTS,Information Technology
LYV,Communication Services
LZB,Consumer Discretionary
M,Consumer Discretionary
MAC,Real Estate
MAG,Materials
MAGA,
MAGS,
MAIN,Financials
MAN,Industrials
MANH,Information Technology
MANU,Communication Services
MARB,
MASI,Health Care
MATW,Industrials
MBB,
MBCN,Financials
MBIN,Financials
MBIO,Health Care
MBWM,Financials
MCACU,
MCFT,Consumer Discretionary
MCHI,
MCHX,Communication Services
MCI,Financials
MCK,Health Care
MCN,Financials
MCO,Financials
MCR,Financials
MCRB,Health Care
MCS,Communication Services
MCY,Financials
MD,Health Care
MDC,
MDGL,Health Care
MDGS,
MDIA,Communication Services
MDIV,
MDJH,
MDRR,Real Estate
MDRX,Health Care
MDT,Health Care
MEDP,Health Care
MEI,Information Technology
MELI,Consumer Discretionary
MERC,Materials
MESA,Industrials
MEXX,
MFD,
MFEM,
MFG,Financials
MFH,Information Technology
MFIN,Financials
MFM,Financials
MFV,
MG,Industrials
MGA,Consumer Discretionary
MGEE,Utilities
MGF,Financials
MGIC,Information Technology
MGK,
MGM,Consumer Discretionary
MGNI,Communication Services
MGNX,Health Care
MGPI,Consumer Staples
MGR,
MGTX,Health Care
MGV,
MGYR,Financials
MHD,Financials
MHF,Financials
MHH,Industrials
MHI,Financials
MHK,Consumer Discretionary
MHLA,
MHLD,Financials
MHO,Consumer Discretionary
MIDU,
MILN,
MIN,Financials
MIND,Information Technology
MINDP,
MINT,
MIST,Health Care
MITK,Information Technology
MIXT,
MKC,Consumer Staples
MKSI,Information Technology
MKTX,Financials
MLI,Industrials
MLM,Materials
MLPA,
MLPB,
MLPX,
MLR,Consumer Discretionary
MLSS,Health Care
MMD,Financials
MMLP,Energy
MMM,Industrials
MMS,Industrials
MMSI,Health Care
MMT,Financials
MMTM,
MMU,Financials
MMYT,Consumer Discretionary
MNA,
MNDO,Information Technology
MNKD,Health Care
MNOV,Health Care
MNR,Energy
MNRO,Consumer Discretionary
MNSB,Financials
MNST,Consumer Staples
MNTX,
MOAT,
MOD,Consumer Discretionary
MOFG,Financials
MOG,
MOG-B,Industrials
MOGO,Information Technology
MOGU,Consumer Discretionary
MOMO,Communication Services
MOO,
MOR,
MORF,
MORN,Financials
MORT,
MOS,Materials
MOTI,
MOTO,
MOTS,Health Care
MOV,Consumer Discretionary
MPAA,Consumer Discretionary
MPB,Financials
MPLX,Energy
MPV,Financials
MPW,Real Estate
MPWR,Information Technology
MQT,Financials
MQY,Financials
MRAM,Information Technology
MRBK,Financials
MRCC,Financials
MRCY,Industrials
MREO,Health Care
MRGR,
MRK,Health Care
MRKR,Health Care
MRO,
MRSK,
MRTX,
MRUS,Health Care
MRVL,Information Technology
MS,Financials
MSB,Materials
MSBI,Financials
MSC,Consumer Discretionary
MSCI,Financials
MSD,Financials
MSEX,Utilities
MSFT,Information Technology
MSGS,Communication Services
MSI,Information Technology
MSM,Industrials
MSN,Information Technology
MSTR,Information Technology
MT,Materials
MTA,Materials
MTB,Financials
MTC,Information Technology
MTCH,Communication Services
MTD,Health Care
MTDR,Energy
MTEM,Health Care
MTEX,Consumer Staples
MTG,Financials
MTH,Consumer Discretionary
MTLS,Information Technology
MTN,Consumer Discretionary
MTNB,Health Care
MTR,Energy
MTRN,Materials
MTRX,Industrials
MTSI,Information Technology
MTUM,
MTX,Materials
MTZ,Industrials
MU,Information Technology
MUA,Financials
MUB,
MUE,Financials
MUFG,Financials
MUI,Financials
MUJ,Financials
MUNI,
MUSA,Consumer Discretionary
MUX,Materials
MVBF,Financials
MVF,Financials
MVIS,Information Technology
MVO,Energy
MVT,Financials
MVV,
MWA,Industrials
MX,Information Technology
MXC,Energy
MXF,Financials
MXI,
MXL,Information Technology
MYD,Financials
MYE,Consumer Discretionary
MYFW,Financials
MYGN,Health Care
MYI,Financials
MYN,Financials
MYO,Health Care
MYRG,Industrials
MYSZ,Information Technology
NAC,Financials
NAD,Financials
NAIL,
NAK,Materials
NAN,Financials
NANR,
NAOV,Health Care
NAPR,
NAT,Energy
NATH,Consumer Discretionary
NAVI,Financials
NAZ,Financials
NBB,Financials
NBH,Financials
NBIX,Health Care
NBN,Financials
NBSE,
NBTB,Financials
NBY,Health Care
NC,Energy
NCA,Financials
NCLH,Consumer Discretionary
NCNA,Health Care
NCSM,Energy
NCZ,Financials
NDAQ,Financials
NDLS,Consumer Discretionary
NDP,
NDRA,Health Care
NDSN,Industrials
NE,Energy
NEA,Financials
NEAR,
NEE,Utilities
NEM,Materials
NEN,Real Estate
NEO,Health Care
NEON,Information Technology
NEP,
NEPH,Health Care
NEPT,
NERD,
NERV,Health Care
NESR,Energy
NET,Information Technology
NETL,
NEU,Materials
NEWT,Financials
NEWTI,
NEWTL,
NEXA,Materials
NEXT,Energy
NFBK,Financials
NFE,Energy
NFJ,Financials
NFLT,
NFRA,
NFTY,
NG,Materials
NGD,Materials
NGE,
NGL,Energy
NGM,
NGVC,Consumer Staples
NHC,Health Care
NHI,Real Estate
NHS,Financials
NHTC,Consumer Discretionary
NIE,Financials
NIM,Financials
NINE,Energy
NIO,Consumer Discretionary
NIU,Consumer Discretionary
NKE,Consumer Discretionary
NKSH,Financials
NKTR,Health Care
NKX,Financials
NL,Industrials
NLR,
NLY,Real Estate
NMCO,Financials
NMFC,Financials
NMI,Financials
NMIH,Financials
NML,Financials
NMM,Industrials
NMR,Financials
NMRD,Health Care
NMRK,Real Estate
NMS,Financials
NMT,Financials
NMZ,Financials
NNBR,Industrials
NNI,Financials
NNN,Real Estate
NNVC,Health Care
NNY,Financials
NOAH,Financials
NOBL,
NOC,Industrials
NOG,Energy
NOK,Information Technology
NOM,Financials
NOMD,Consumer Staples
NORW,
NOV,Energy
NOVA,Information Technology
NOVT,Information Technology
NOW,Information Technology
NPK,Industrials
NPO,Industrials
NQP,Financials
NR,
NRBO,
NREF,Real Estate
NRG,Utilities
NRGD,
NRGU,
NRIM,Financials
NRK,Financials
NRO,Financials
NRP,Energy
NRT,Energy
NS,
NSC,Industrials
NSIT,Information Technology
NSP,Industrials
NSPR,Health Care
NSSC,Industrials
NSTG,Health Care
NTAP,Information Technology
NTB,Financials
NTCO,
NTCT,Information Technology
NTES,Communication Services
NTG,
NTGR,Information Technology
NTIC,Materials
NTIP,Industrials
NTLA,Health Care
NTR,Materials
NTRA,Health Care
NTRS,Financials
NTSX,
NTWK,Information Technology
NTZ,Consumer Discretionary
NUDM,
NUE,Materials
NUGT,
NULG,
NULV,
NUMG,
NUMV,
NUS,Consumer Staples
NUSC,
NUSI,
NUV,Financials
NUW,Financials
NVAX,Health Care
NVDA,Information Technology
NVEC,Information Technology
NVEE,Industrials
NVG,Financials
NVGS,Energy
NVIV,
NVMI,Information Technology
NVO,Health Care
NVR,Consumer Discretionary
NVRO,Health Care
NVS,Health Care
NVST,Health Care
NVT,Industrials
NVTA,
NWBI,Financials
NWE,Utilities
NWL,Consumer Staples
NWLI,
NWPX,Materials
NWS,Communication Services
NWSA,Communication Services
NX,Industrials
NXC,Financials
NXE,Energy
NXJ,Financials
NXN,Financials
NXRT,Real Estate
NXST,Communication Services
NXTC,Health Care
NXTG,
NYCB,
NYMT,Real Estate
NYMTN,Real Estate
NZF,Financials
O,Real Estate
OBLG,Information Technology
OBOR,
OC,Industrials
OCCI,Financials
OCFC,Financials
OCFCP,Financials
OCFT,Information Technology
OCGN,Health Care
OCIO,
OCN,
OCSL,Financials
OCUL,Health Care
OCX,Health Care
ODC,Materials
ODFL,Industrials
ODP,Consumer Discretionary
OEC,Materials
OEF,
OESX,Consumer Discretionary
OEUR,
OFED,Financials
OFG,Financials
OFIX,Health Care
OFLX,Industrials
OGCP,Real Estate
OGE,Utilities
OGEN,Health Care
OGI,Health Care
OGIG,
OHI,Real Estate
OI,Consumer Discretionary
OII,Energy
OILK,
OKE,Energy
OKTA,Information Technology
OLED,Information Technology
OLLI,Consumer Staples
OLN,Materials
OLP,Real Estate
OMER,Health Care
OMEX,Materials
OMF,Financials
OMFL,
OMFS,
OMI,Health Care
ON,Information Technology
ONB,Financials
ONCT,Health Care
ONCY,Health Care
ONEO,
ONEQ,
ONEV,
ONEW,Consumer Discretionary
ONEY,
ONTO,Information Technology
ONTX,
OOMA,Information Technology
OPCH,Health Care
OPGN,Health Care
OPHC,Financials
OPI,Real Estate
OPINL,
OPK,Health Care
OPOF,Financials
OPP,Financials
OPRA,Communication Services
OPRT,Financials
OPRX,Health Care
OPTN,Health Care
OPTT,Industrials
OPY,Financials
OR,Materials
ORA,Utilities
ORAN,
ORC,Real Estate
ORCL,Information Technology
ORGO,Health Care
ORGS,Health Care
ORIC,Health Care
ORLY,Consumer Discretionary
ORMP,Health Care
ORTX,
OSG,
OSIS,Information Technology
OSPN,Information Technology
OSS,Information Technology
OSUR,Health Care
OSW,Consumer Discretionary
OTEX,Information Technology
OTIS,Industrials
OTLK,Health Care
OUNZ,
OUSA,
OUSM,
OUT,Real Estate
OVB,
OVBC,Financials
OVF,
OVID,Health Care
OVL,
OVLY,Financials
OVM,
OVS,
OVV,Energy
OXBR,Financials
OXBRW,Financials
OXLC,Financials
OXLCM,
OXLCO,Financials
OXSQ,Financials
OXSQZ,
OXY,Energy
OZK,Financials
PAA,Energy
PAAS,Materials
PACB,Health Care
PACK,Consumer Discretionary
PAG,Consumer Discretionary
PAGP,Energy
PAGS,Information Technology
PAHC,Health Care
PAK,
PALC,
PALL,
PAM,Utilities
PAMC,
PANL,Industrials
PANW,Information Technology
PAPR,
PAR,Information Technology
PARR,Energy
PASG,Health Care
PATI,
PATK,Consumer Discretionary
PAUG,
PAVE,
PAVM,Health Care
PAVMZ,Health Care
PAWZ,
PAYS,Information Technology
PAYX,Information Technology
PBA,Energy
PBD,
PBE,
PBF,Energy
PBFS,Financials
PBH,Health Care
PBHC,Financials
PBI,Industrials
PBJ,
PBP,
PBPB,Consumer Discretionary
PBR,Energy
PBR-A,Energy
PBT,Energy
PBTP,
PBTS,
PBUS,
PBYI,Health Care
PCAR,Industrials
PCB,Financials
PCEF,
PCF,Financials
PCG,Utilities
PCH,Real Estate
PCK,Financials
PCM,Financials
PCN,Financials
PCQ,Financials
PCRX,Health Care
PCTI,
PCTY,Information Technology
PCVX,Health Care
PCYO,Utilities
PD,Information Technology
PDBC,
PDCO,Health Care
PDD,Consumer Discretionary
PDEC,
PDEX,Health Care
PDFS,Information Technology
PDI,Financials
PDLB,Financials
PDM,Real Estate
PDN,
PDS,Energy
PDT,Financials
PEAK,
PEBK,Financials
PEBO,Financials
PED,Energy
PEG,Utilities
PEGA,Information Technology
PEJ,
PEN,Health Care
PENN,Consumer Discretionary
PEO,Financials
PEP,Consumer Staples
PESI,Industrials
PETQ,
PETZ,Consumer Discretionary
PEX,
PEY,
PEZ,
PFBC,Financials
PFF,
PFFA,
PFFD,
PFFL,
PFFR,
PFG,Financials
PFI,
PFIE,
PFIG,
PFIN,
PFL,Financials
PFLT,Financials
PFM,
PFS,Financials
PFSI,Financials
PFXF,
PGAL,
PGC,Financials
PGEN,Health Care
PGF,
PGHY,
PGJ,
PGNY,Health Care
PGP,Financials
PGR,Financials
PGRE,Real Estate
PGTI,
PGX,
PGZ,Financials
PH,Industrials
PHAT,Health Care
PHB,
PHD,Financials
PHDG,
PHG,Health Care
PHGE,Health Care
PHI,Communication Services
PHIO,Health Care
PHK,Financials
PHM,Consumer Discretionary
PHO,
PHT,Financials
PHUN,Information Technology
PHX,Energy
PHYS,
PI,Information Technology
PICK,
PID,
PIE,
PILL,
PIM,Financials
PIN,
PINC,Health Care
PINE,Real Estate
PINS,Communication Services
PIO,
PIRS,
PIXY,Industrials
PIZ,
PJP,
PJT,Financials
PK,Real Estate
PKB,
PKE,Industrials
PKG,Consumer Discretionary
PKOH,Industrials
PKW,
PKX,Materials
PLAB,Information Technology
PLAY,Communication Services
PLBC,Financials
PLCE,Consumer Discretionary
PLD,Real Estate
PLG,Materials
PLL,Materials
PLMR,Financials
PLOW,Consumer Discretionary
PLPC,Industrials
PLRX,Health Care
PLSE,Health Care
PLTM,
PLUG,Industrials
PLUS,Information Technology
PLX,Health Care
PLXP,
PLXS,Information Technology
PLYA,Consumer Discretionary
PM,Consumer Staples
PMAY,
PMD,Health Care
PMF,Financials
PML,Financials
PMM,Financials
PMO,Financials
PMT,Real Estate
PMX,Financials
PNBK,Financials
PNC,Financials
PNF,Financials
PNFP,Financials
PNI,Financials
PNM,
PNNT,Financials
PNOV,
PNR,Industrials
PNTG,Health Care
PNW,Utilities
POAI,Health Care
PODD,Health Care
POL,
POLA,Industrials
POOL,Industrials
POR,Utilities
POST,Consumer Staples
POTX,
POWI,Information Technology
POWL,Industrials
PPA,
PPBI,Financials
PPC,Consumer Staples
PPEM,
PPH,
PPHI,Financials
PPLT,
PPT,Financials
PPTY,
PQDI,
PRA,Financials
PRAA,Financials
PRDO,Consumer Staples
PREF,
PRF,
PRFT,
PRFZ,
PRGO,Health Care
PRGS,Information Technology
PRH,
PRI,Financials
PRIM,Industrials
PRK,Financials
PRLB,Industrials
PRMW,
PRNT,
PRO,Information Technology
PROF,Health Care
PROV,Financials
PRPH,Health Care
PRPL,Consumer Discretionary
PRPO,Health Care
PRQR,Health Care
PRS,
PRT,Energy
PRTA,Health Care
PRTH,Information Technology
PRTS,Consumer Discretionary
PRU,Financials
PSA,Real Estate
PSCC,
PSCD,
PSCE,
PSCF,
PSCI,
PSCM,
PSCT,
PSEC,Financials
PSET,
PSF,Financials
PSHG,Industrials
PSI,
PSL,
PSMT,Consumer Staples
PSN,Information Technology
PSNL,Health Care
PSO,Communication Services
PSP,
PSQ,
PSR,
PST,
PSTG,Information Technology
PSTL,Real Estate
PSTV,Health Care
PSX,Energy
PT,Financials
PTCT,Health Care
PTF,
PTGX,Health Care
PTH,
PTLC,
PTMN,Financials
PTN,Health Care
PTON,Consumer Discretionary
PTY,Financials
PUK,Financials
PULM,Health Care
PULS,
PUMP,Energy
PUTW,
PUYI,
PVAL,
PVBC,Financials
PVH,Consumer Discretionary
PVI,
PVL,Energy
PW,Real Estate
PWFL,
PWOD,Financials
PWR,Industrials
PWV,
PWZ,
PXD,
PXF,
PXH,
PXI,
PXJ,
PXLW,Information Technology
PXS,Energy
PYN,Financials
PYPD,Health Care
PYPL,Financials
PZA,
PZC,Financials
PZG,Materials
PZZA,Consumer Discretionary
QABA,
QAI,
QARP,
QAT,
QCLN,
QCOM,Information Technology
QCRH,Financials
QD,Financials
QDEF,
QDEL,Health Care
QEFA,
QEMM,
QFIN,Financials
QGEN,Health Care
QGRO,
QID,
QINT,
QIWI,
QLC,
QLD,
QLTA,
QLV,
QLVD,
QLVE,
QLYS,Information Technology
QMCO,Information Technology
QMOM,
QNST,Communication Services
QQEW,
QQH,
QQQ,
QQQE,
QQQX,Financials
QQXT,
QRFT,
QRHC,Industrials
QRTEA,
QRVO,Information Technology
QSR,Consumer Discretionary
QTRX,Health Care
QTUM,
QTWO,Information Technology
QUAD,Industrials
QUAL,
QUIK,Information Technology
QURE,Health Care
QUS,
QVAL,
QVCD,
QYLD,
R,Industrials
RA,Financials
RAAX,
RACE,Consumer Discretionary
RAFE,
RAMP,Information Technology
RAND,Financials
RAPT,Health Care
RARE,Health Care
RAVE,Consumer Discretionary
RAVI,
RBA,Industrials
RBB,Financials
RBBN,Information Technology
RBCAA,Financials
RBCN,Information Technology
RBKB,Financials
RCB,
RCEL,Health Care
RCG,Financials
RCI,Communication Services
RCKT,Health Care
RCKY,Consumer Discretionary
RCL,Consumer Discretionary
RCM,
RCMT,Industrials
RCON,Energy
RCS,Financials
RCUS,Health Care
RDCM,Communication Services
RDFN,Real Estate
RDHL,Health Care
RDI,Communication Services
RDIV,
RDN,Financials
RDNT,Health Care
RDOG,
RDUS,Materials
RDVT,Information Technology
RDVY,
RDWR,Information Technology
RDY,Health Care
REAL,Consumer Discretionary
RECS,
REFR,Information Technology
REG,Real Estate
REGL,
REGN,Health Care
REI,Energy
REK,
REKR,Information Technology
RELL,Information Technology
RELV,Consumer Staples
RELX,Industrials
REM,
REMX,
REPL,Health Care
RES,Energy
RESD,
RESE,
RESP,
RETL,
RETO,Materials
REVG,Industrials
REVS,
REW,
REX,Materials
REYN,Consumer Discretionary
REZ,
REZI,Industrials
RF,Financials
RFCI,
RFDA,
RFEU,
RFFC,
RFI,Financials
RFIL,Industrials
RGA,Financials
RGCO,Utilities
RGEN,Health Care
RGLD,Materials
RGLS,Health Care
RGP,Industrials
RGR,Industrials
RGS,Consumer Discretionary
RGT,Financials
RH,Consumer Discretionary
RHE,
RHI,Industrials
RHP,Real Estate
RIBT,Consumer Staples
RICK,Consumer Discretionary
RIG,Energy
RIGL,Health Care
RILY,Financials
RILYG,
RILYN,
RILYP,Financials
RILYZ,
RINF,
RING,
RIO,Materials
RIV,Financials
RJF,Financials
RKDA,Consumer Staples
RL,Consumer Discretionary
RLGT,Industrials
RLI,Financials
RLJ,Real Estate
RLMD,Health Care
RLY,
RM,Financials
RMAX,Real Estate
RMBI,Financials
RMBL,Consumer Discretionary
RMBS,Information Technology
RMCF,Consumer Staples
RMD,Health Care
RMI,
RMM,Financials
RMNI,Information Technology
RMR,Real Estate
RMT,Financials
RMTI,Health Care
RNA,Health Care
RNEM,
RNG,Information Technology
RNGR,Energy
RNLC,
RNMC,
RNP,Financials
RNSC,
ROAD,Industrials
ROAM,
ROBO,
ROBT,
ROCK,Industrials
RODE,
RODM,
ROG,Information Technology
ROK,Industrials
ROKT,
ROKU,Communication Services
ROL,Consumer Discretionary
ROM,
ROMO,
ROOF,
ROP,Information Technology
ROSC,
ROST,Consumer Discretionary
ROUS,
RPAR,
RPAY,Information Technology
RPD,Information Technology
RPG,
RPM,Materials
RPRX,Health Care
RPT,Real Estate
RPTX,Health Care
RPV,
RQI,Financials
RRBI,Financials
RRC,Energy
RRR,Consumer Discretionary
RS,Materials
RSF,
RSG,Industrials
RSP,
RSSS,Information Technology
RTH,
RUBY,
RUN,Information Technology
RUSHA,Consumer Discretionary
RUSHB,Consumer Discretionary
RVLV,Consumer Discretionary
RVMD,Health Care
RVNC,
RVP,Health Care
RVT,Financials
RWJ,
RWK,
RWL,
RWLK,
RWM,
RWO,
RWR,
RWT,Real Estate
RWX,
RXD,
RXL,
RY,Financials
RYAM,Materials
RYLD,
RYTM,Health Care
RZG,
RZV,
SA,Materials
SABR,Information Technology
SACC,
SACH,Real Estate
SAFT,Financials
SAGE,Health Care
SAH,Consumer Discretionary
SAIA,Industrials
SANM,Information Technology
SAR,Financials
SASR,Financials
SAVA,Health Care
SAVE,
SB,Industrials
SBB,
SBCF,Financials
SBFG,Financials
SBGI,Communication Services
SBI,Financials
SBLK,Industrials
SBNY,Financials
SBS,Utilities
SBSI,Financials
SBT,Financials
SBUX,Consumer Discretionary
SCCB,
SCCO,Materials
SCD,Financials
SCHA,
SCHB,
SCHC,
SCHD,
SCHE,
SCHF,
SCHH,
SCHJ,
SCHM,
SCHR,
SCHV,
SCHX,
SCKT,Information Technology
SCL,Materials
SCO,
SCS,Consumer Discretionary
SCSC,Information Technology
SCX,
SCZ,
SD,Energy
SDCI,
SDD,
SDEM,
SDG,
SDGR,Health Care
SDOG,
SDP,
SDS,
SDVY,
SDY,
SE,Consumer Discretionary
SEAC,Information Technology
SEB,Industrials
SECO,Consumer Discretionary
SEE,Consumer Discretionary
SEED,Materials
SEF,
SEIC,Financials
SENEA,Consumer Staples
SENS,Health Care
SFBC,Financials
SFBS,Financials
SFNC,Financials
SFYF,
SG,Consumer Discretionary
SGC,Consumer Discretionary
SGMO,Health Care
SGRY,Health Care
SH,
SHEN,Communication Services
SHM,
SHO,Real Estate
SHOP,Information Technology
SHV,
SHW,Materials
SHY,
SHYG,
SIBN,Health Care
SID,Materials
SIFY,Communication Services
SIG,Consumer Discretionary
SIGA,Health Care
SIGI,Financials
SII,Financials
SIL,
SILC,Information Technology
SILJ,
SILK,
SIMO,Information Technology
SINT,Health Care
SIRI,Communication Services
SITC,Real Estate
SITE,Industrials
SITM,Information Technology
SIVR,
SIZE,
SJ,Communication Services
SJB,
SJNK,
SJT,Energy
SKF,
SKM,Communication Services
SKOR,
SKYW,Industrials
SKYY,
SLB,Energy
SLCA,
SLDB,Health Care
SLG,Real Estate
SLGL,Health Care
SLGN,Consumer Discretionary
SLM,Financials
SLMBP,Financials
SLNO,Health Care
SLP,Health Care
SLQD,
SLRC,Financials
SLS,Health Care
SLV,
SLVO,
SLVP,
SLX,
SLYG,
SLYV,
SM,Energy
SMAR,
SMB,
SMBC,Financials
SMCI,Information Technology
SMDD,
SMDV,
SMDY,
SMFG,Financials
SMG,Materials
SMHB,
SMIN,
SMIT,Information Technology
SMLF,
SMLV,
SMMF,
SMMT,Health Care
SMMU,
SMMV,
SMN,
SMOG,
SMP,Consumer Discretionary
SMPL,Consumer Staples
SMRT,Information Technology
SMSI,Information Technology
SMTC,Information Technology
SNA,Industrials
SNAP,Communication Services
SNCR,Information Technology
SND,Energy
SNDL,Consumer Staples
SNDR,Industrials
SNDX,Health Care
SNFCA,Financials
SNMP,
SNN,Health Care
SNOA,Health Care
SNPE,
SNSR,
SNV,Financials
SNX,Information Technology
SO,Utilities
SOHO,Real Estate
SOHOB,Real Estate
SOHON,Real Estate
SOHOO,Real Estate
SOHU,Communication Services
SOI,
SOJC,
SOJD,
SOL,Information Technology
SOLO,
SON,Consumer Discretionary
SONN,Health Care
SONO,Information Technology
SOXS,
SOXX,
SOYB,
SP,
SPAB,
SPAQ,
SPBO,
SPCB,Industrials
SPCE,Industrials
SPDN,
SPDV,
SPDW,
SPEM,
SPEU,
SPFF,
SPFI,Financials
SPGM,
SPH,Utilities
SPHB,
SPHD,
SPHQ,
SPHY,
SPI,Information Technology
SPIB,
SPIP,
SPLG,
SPLK,
SPLP,Industrials
SPMB,
SPMD,
SPMO,
SPMV,
SPNS,Information Technology
SPOK,Health Care
SPOT,Communication Services
SPPP,
SPR,Industrials
SPRO,Health Care
SPSC,Information Technology
SPSK,
SPSM,
SPT,Information Technology
SPTI,
SPTM,
SPTN,Consumer Staples
SPTS,
SPUS,
SPUU,
SPVM,
SPWH,Consumer Discretionary
SPWR,Information Technology
SPXC,Industrials
SPXE,
SPXL,
SPXT,
SPXU,
SPXV,
SPY,
SU,Energy
SUB,
SUI,Real Estate
SUN,Energy
SUNW,
SUP,Consumer Discretionary
SUPN,Health Care
SUPV,Financials
SUSA,
SUSB,
SUSL,
SVM,Materials
SVRA,Health Care
SVT,Industrials
SVXY,
SWAN,
SWBI,Industrials
SWI,Information Technology
SWK,Industrials
SWKH,Financials
SWKS,Information Technology
SWN,
SWTX,Health Care
SWX,Utilities
SWZ,
SXC,Materials
SXI,Industrials
SXTC,Health Care
SY,Health Care
SYBX,Health Care
SYK,Health Care
SYLD,
SYNA,Information Technology
SYNL,
SYPR,Consumer Discretionary
SYY,Consumer Staples
SZK,
T,Communication Services
TAC,Utilities
TAGS,
TAIL,
TAIT,Information Technology
TAK,Health Care
TALO,Energy
TAN,
TANH,Consumer Staples
TAOP,Information Technology
TAP,Consumer Staples
TARA,Health Care
TARO,
TAST,
TATT,Industrials
TAXF,
TAYD,Industrials
TBB,
TBBK,Financials
TBF,
TBIO,Health Care
TBK,
TBLT,Industrials
TBNK,Financials
TBPH,Health Care
TBT,
TBX,
TCBK,Financials
TCCO,Information Technology
TCI,Real Estate
TCOM,Consumer Discretionary
TCON,Health Care
TCPC,Financials
TCS,
TCX,Information Technology
TD,Financials
TDC,Information Technology
TDF,Financials
TDIV,
TDOC,Health Care
TDS,Communication Services
TDV,
TDW,Energy
TEAF,Financials
TEAM,Information Technology
TECH,Health Care
TECK,Materials
TECL,
TECS,
TECTP,Financials
TEDU,
TELA,Health Care
TELL,
TENB,Information Technology
TENX,Health Care
TEO,Communication Services
TER,Information Technology
TEUM,
TEVA,Health Care
TEX,Industrials
TFC,Financials
TFI,
TFII,Industrials
TFLO,
TFX,Health Care
TG,Industrials
TGB,Materials
TGEN,Industrials
TGH,
TGI,Industrials
TGLS,Materials
TGNA,Communication Services
TGS,Energy
TGT,Consumer Staples
TGTX,Health Care
TH,Industrials
THC,Health Care
THCA,
THCX,
THD,
THG,Financials
THM,Materials
THMO,Health Care
THNQ,
THO,Consumer Discretionary
THQ,Financials
THRM,Consumer Discretionary
THS,Consumer Staples
THTX,Health Care
THW,Financials
THWWW,Industrials
THY,
TIGO,Communication Services
TIGR,Financials
TILE,Consumer Discretionary
TIP,
TIPT,Financials
TIPX,
TISI,Industrials
TITN,Industrials
TJX,Consumer Discretionary
TK,Energy
TKC,Communication Services
TKR,Industrials
TLH,
TLK,Communication Services
TLSA,Health Care
TLT,
TLTD,
TLTE,
TLYS,Consumer Discretionary
TM,Consumer Discretionary
TMDV,
TMDX,Health Care
TME,Communication Services
TMF,
TMFC,
TMO,Health Care
TMP,Financials
TMQ,Materials
TMST,
TMUS,Communication Services
TMV,
TNA,
TNC,Industrials
TNDM,Health Care
TNET,Industrials
TNK,Energy
TNP,
TNXP,Health Care
TOK,
TOKE,
TOL,Consumer Discretionary
TOLZ,
TOPS,Energy
TOTL,
TOUR,Consumer Discretionary
TPB,Consumer Staples
TPC,Industrials
TPH,Consumer Discretionary
TPHD,
TPHS,Real Estate
TPIF,
TPL,Energy
TPLC,
TPR,Consumer Discretionary
TPSC,
TPVG,Financials
TPZ,
TQQQ,
TR,Consumer Staples
TRC,Industrials
TREE,Financials
TREX,Industrials
TRGP,Energy
TRI,Industrials
TRIP,Consumer Discretionary
TRMB,Information Technology
TRMD,Energy
TRMK,Financials
TRN,Industrials
TRNO,Real Estate
TRNS,Industrials
TROW,Financials
TROX,Materials
TRP,Energy
TRS,Consumer Discretionary
TRST,Financials
TRT,Information Technology
TRTX,Real Estate
TRU,Financials
TRUE,Communication Services
TRUP,Financials
TRV,Financials
TRVG,Communication Services
TRVI,Health Care
TRVN,Health Care
TRX,Materials
TS,Energy
TSBK,Financials
TSCO,Consumer Discretionary
TSE,Materials
TSEM,Information Technology
TSI,Financials
TSLA,Consumer Discretionary
TSLX,Financials
TSM,Information Technology
TSN,Consumer Staples
TT,Industrials
TTAC,
TTAI,
TTC,Industrials
TTEC,Information Technology
TTEK,Industrials
TTGT,Information Technology
TTI,Energy
TTMI,Information Technology
TTNP,Health Care
TTOO,Health Care
TTP,
TTT,
TTWO,Communication Services
TUP,
TURN,Financials
TUSK,Industrials
TV,Communication Services
TVC,
TVE,
TW,Financials
TWI,Industrials
TWLO,Information Technology
TWN,Financials
TWO,Real Estate
TWOU,
TWST,Health Care
TX,Materials
TXG,Health Care
TXMD,Health Care
TXN,Information Technology
TXRH,Consumer Discretionary
TY,Financials
TYD,
TYG,Financials
TYL,Information Technology
TYO,
TZA,
TZOO,Communication Services
UA,Consumer Discretionary
UAA,Consumer Discretionary
UAL,Industrials
UAMY,Materials
UAN,Materials
UAPR,
UAUG,
UAVS,Information Technology
UBCP,Financials
UBER,Information Technology
UBOH,Financials
UBS,Financials
UBSI,Financials
UBT,
UBX,Health Care
UCBI,
UCBIO,
UCC,
UCIB,
UCO,
UCTT,Information Technology
UDEC,
UDN,
UDOW,
UE,Real Estate
UEC,Energy
UEIC,Information Technology
UEVM,
UFCS,Financials
UFEB,
UFPI,Materials
UFPT,Health Care
UG,Consumer Staples
UGA,
UGE,
UGI,Utilities
UGL,
UGP,Energy
UHAL,Industrials
UHS,Health Care
UI,Information Technology
UIS,Information Technology
UJAN,
UJB,
UJUL,
UJUN,
UL,Consumer Staples
ULE,
ULH,Industrials
ULST,
ULTA,Consumer Discretionary
ULTR,
UMAY,
UMBF,Financials
UMC,Information Technology
UMDD,
UMH,Real Estate
UNB,Financials
UNF,Industrials
UNFI,Consumer Staples
UNG,
UNIT,Real Estate
UNM,Financials
UNMA,
UNOV,
UNP,Industrials
UNTY,Financials
UOCT,
UONEK,Communication Services
UPRO,
UPS,Industrials
UPV,
UPW,
UPWK,Communication Services
URA,
URBN,Consumer Discretionary
URG,Energy
URI,Industrials
URTH,
URTY,
USA,Financials
USAC,Energy
USAP,
USAS,Materials
USB,Financials
USCI,
USD,
USDU,
USEG,Energy
USFD,Consumer Staples
USFR,
USHY,
USIG,
USL,
USLM,Materials
USM,Communication Services
USMC,
USMF,
USMV,
USNA,Consumer Staples
USO,
USPH,Health Care
USRT,
UST,
USVM,
UTES,
UTF,Financials
UTG,Financials
UTHR,Health Care
UTI,Consumer Staples
UTL,Utilities
UTRN,
UTSI,Information Technology
UTSL,
UUP,
UUU,Industrials
UUUU,Energy
UVE,Financials
UVSP,Financials
UVV,Consumer Staples
UVXY,
UWM,
UXIN,Consumer Discretionary
UYG,
UYM,
V,Financials
VAC,Consumer Discretionary
VAL,Energy
VALE,Materials
VALQ,
VALU,Financials
VAMO,
VAPO,
VAW,
VB,
VBF,Financials
VBFC,Financials
VBIV,
VBK,
VBND,
VC,Consumer Discretionary
VCEL,Health Care
VCIT,
VCLT,
VCNX,Health Care
VCR,
VCSH,
VCYT,Health Care
VDE,
VEA,
VECO,Information Technology
VEEV,Health Care
VEGI,
VEL,Financials
VEON,Communication Services
VERB,Information Technology
VERBW,Information Technology
VERI,Information Technology
VERO,Health Care
VERU,Health Care
VERY,
VET,Energy
VEU,
VFC,Consumer Discretionary
VFF,Consumer Staples
VFH,
VFL,Financials
VFMF,
VFMO,
VFMV,
VFQY,
VFVA,
VGI,Financials
VGIT,
VGK,
VGLT,
VGM,Financials
VGR,
VGSH,
VGT,
VGZ,Materials
VHC,Information Technology
VHI,Materials
VHT,
VIAV,Information Technology
VICI,Real Estate
VICR,Information Technology
VIG,
VIGI,
VIOG,
VIOO,
VIOT,Consumer Discretionary
VIOV,
VIPS,Consumer Discretionary
VIR,Health Care
VIRC,Consumer Discretionary
VIRT,Financials
VIS,
VISL,Information Technology
VIST,Energy
VIV,Communication Services
VIXM,
VIXY,
VJET,
VKI,Financials
VKQ,Financials
VKTX,Health Care
VLGEA,Consumer Staples
VLO,Energy
VLRS,Industrials
VLT,Financials
VLU,
VLUE,
VLY,Financials
VLYPP,Financials
VMC,Materials
VMI,Industrials
VMO,Financials
VMOT,
VNCE,Consumer Discretionary
VNET,Information Technology
VNLA,
VNM,
VNO,Real Estate
VNOM,Energy
VNQ,
VNQI,
VNRX,Health Care
VO,
VOC,Energy
VOD,Communication Services
VOE,
VONV,
VOO,
VOOV,
VOT,
VOX,
VOXX,Information Technology
VPC,
VPL,
VPU,
VPV,Financials
VRA,Consumer Discretionary
VRAI,
VRCA,Health Care
VREX,Health Care
VRIG,
VRM,Consumer Discretionary
VRMEW,Industrials
VRNA,Health Care
VRNS,Information Technology
VRNT,Information Technology
VRP,
VRRM,Information Technology
VRSK,Industrials
VRSN,Information Technology
VRT,Industrials
VRTS,Financials
VRTX,Health Care
VSDA,
VSGX,
VSH,Information Technology
VSMV,
VSS,
VST,Utilities
VSTM,Health Care
VSTO,
VT,
VTC,
VTEB,
VTHR,
VTI,
VTIP,
VTN,Financials
VTNR,
VTOL,Energy
VTR,Real Estate
VTSI,Information Technology
VTV,
VTVT,Health Care
VTWG,
VTWO,
VTWV,
VUG,
VUSE,
VUZI,Information Technology
VV,
VVI,
VVV,Consumer Discretionary
VWO,
VWOB,
VXF,
VXRT,Health Care
VXUS,
VXX,
VXZ,
VYGR,Health Care
VYM,
VYMI,
W,Consumer Discretionary
WAB,Industrials
WABC,Financials
WAFD,Financials
WAFU,Consumer Staples
WAL,Financials
WANT,
WASH,Financials
WAT,Health Care
WATT,Information Technology
WB,Communication Services
WBA,Health Care
WBIG,
WBIY,
WBS,Financials
WCC,Industrials
WCLD,
WCN,Industrials
WD,Financials
WDAY,Information Technology
WDC,Information Technology
WDFC,Materials
WDIV,
WEA,Financials
WEAT,
WEBL,
WEBS,
WELL,Real Estate
WEN,Consumer Discretionary
WERN,Industrials
WES,Energy
WEX,Information Technology
WEYS,Consumer Discretionary
WF,Financials
WFC,Financials
WFH,
WFHY,
WFIG,
WGO,Consumer Discretionary
WH,Consumer Discretionary
WHD,Energy
WHF,Financials
WHG,Financials
WHLM,Industrials
WHLR,Real Estate
WHR,Consumer Discretionary
WIA,Financials
WIMI,Communication Services
WINA,Consumer Discretionary
WINC,
WING,Consumer Discretionary
WINT,Health Care
WIRE,
WISA,
WIT,Information Technology
WIW,Financials
WIX,Information Technology
WK,Information Technology
WKEY,Information Technology
WKHS,Consumer Discretionary
WLDN,Industrials
WLDR,
WLFC,Industrials
WMS,Industrials
WMT,Consumer Staples
WNC,Industrials
WNEB,Financials
WNS,Information Technology
WOMN,
WOOD,
WOR,Industrials
WPC,Real Estate
WPP,Communication Services
WPRT,Consumer Discretionary
WPS,
WRK,
WRLD,Financials
WSBC,Financials
WSBF,Financials
WSC,Industrials
WSM,Consumer Discretionary
WSO,Industrials
WSO-B,Industrials
WSR,Real Estate
WST,Health Care
WSTL,Information Technology
WTBA,Financials
WTFC,Financials
WTFCM,Financials
WTFCP,Financials
WTI,Energy
WTM,Financials
WTMF,
WTRE,
WTRG,Utilities
WTS,Industrials
WUGI,
WVE,Health Care
WVFC,Financials
WVVI,Consumer Staples
WW,Consumer Discretionary
WWD,Industrials
WWJD,
WWR,Materials
WWW,Consumer Discretionary
WY,Real Estate
WYY,Information Technology
X,Materials
XAIR,Health Care
XAR,
XBI,
XBIO,Health Care
XBIOW,Health Care
XBIT,Health Care
XCEM,
XCUR,Health Care
XEL,Utilities
XELB,Consumer Discretionary
XERS,Health Care
XES,
XFLT,
XFOR,Health Care
XGN,Health Care
XHB,
XHE,
XHR,Real Estate
XIN,Real Estate
XITK,
XLB,
XLC,
XLE,
XLF,
XLG,
XLI,
XLK,
XLP,
XLRE,
XLSR,
XLU,
XLV,
XLY,
XME,
XMHQ,
XMLV,
XMMO,
XMPT,
XMVM,
XNCR,Health Care
XNET,Information Technology
XNTK,
XOM,Energy
XOMA,Health Care
XONE,
XOP,
XP,Financials
XPER,Information Technology
XPL,Materials
XPO,Industrials
XPP,
XRAY,Health Care
XRLV,
XRT,
XSD,
XSHD,
XSHQ,
XSLV,
XSMO,
XSOE,
XSVM,
XSW,
XT,
XTL,
XTLB,Health Care
XTNT,Health Care
XWEB,
XXII,Consumer Staples
XYF,Financials
XYL,Industrials
YANG,
YCBD,Health Care
YCL,
YCS,
YELP,Communication Services
YETI,Consumer Discretionary
YGYI,
YGYIP,
YI,Health Care
YJ,Consumer Discretionary
YLD,
YLDE,
YMAB,Health Care
YNDX,
YOLO,
YORW,Utilities
YRD,Financials
YTEN,
YUMC,Consumer Discretionary
YXI,
YY,Communication Services
YYY,
Z,Communication Services
ZBH,Health Care
ZBRA,Information Technology
ZCMD,Health Care
ZDGE,Communication Services
ZEUS,Materials
ZG,Communication Services
ZI,Information Technology
ZIG,
ZION,Financials
ZIONP,Financials
ZKIN,Materials
ZLAB,Health Care
ZM,Information Technology
ZN,
ZNTL,Health Care
ZOM,Health Care
ZROZ,
ZS,Information Technology
ZTO,Industrials
ZTR,
ZTS,Health Care
ZUMZ,Consumer Discretionary
ZYME,Health Care
ZYXI,Health Care
